,FileAddress,corresponding_img,SpatRx,SpatRy,Slicethick,Goasting,SNR Chang,SNR Normal
0,C:\Users\aswen\Desktop\TestingData\Aswendt_qc_data\proc_data\sub-GVsT3c12m1\ses-3\anat\sub-GVsT3c12m1_ses-3_T2w.nii.gz,anat_anat_sub-GVsT3c12m1_ses-3_T2w_1.png,0.068359375,0.068359375,0.5,False,45.359713035547955,26.12315272206025
1,C:\Users\aswen\Desktop\TestingData\Aswendt_qc_data\proc_data\sub-GVsT3c12m1\ses-3\anat\sub-GVsT3c12m1_ses-3_T2w.nii_randomNoisy.nii.gz,anat_anat_sub-GVsT3c12m1_ses-3_T2w_randomNoisy_2.png,0.068359375,0.068359375,0.5,False,20.145422587108637,13.07168744684332
2,C:\Users\aswen\Desktop\TestingData\Aswendt_qc_data\proc_data\sub-GVsT3c12m1\ses-3\anat\sub-GVsT3c12m1_ses-3_T2w.nii_saltPepperNoisy.nii.gz,anat_anat_sub-GVsT3c12m1_ses-3_T2w_saltPepperNoisy_3.png,0.068359375,0.068359375,0.5,False,20.136788490606108,12.55544687601967
3,C:\Users\aswen\Desktop\TestingData\Aswendt_qc_data\proc_data\sub-GVsT3c12m1\ses-3\anat\sub-GVsT3c12m1_ses-3_T2w.nii_speckleNoisy.nii.gz,anat_anat_sub-GVsT3c12m1_ses-3_T2w_speckleNoisy_4.png,0.068359375,0.068359375,0.5,False,25.36451960935134,13.783020361709804
4,C:\Users\aswen\Desktop\TestingData\Aswendt_qc_data\proc_data\sub-GVsT3c13m1\ses-2\anat\sub-GVsT3c13m1_ses-2_T2w.nii.gz,anat_anat_sub-GVsT3c13m1_ses-2_T2w_5.png,0.068359375,0.068359375,0.5,False,45.331907228808284,25.61530553043439
5,C:\Users\aswen\Desktop\TestingData\Aswendt_qc_data\proc_data\sub-GVsT3c13m1\ses-2\anat\sub-GVsT3c13m1_ses-2_T2w.nii_randomNoisy.nii.gz,anat_anat_sub-GVsT3c13m1_ses-2_T2w_randomNoisy_6.png,0.068359375,0.068359375,0.5,False,20.136788490606108,12.842633062710082
6,C:\Users\aswen\Desktop\TestingData\Aswendt_qc_data\proc_data\sub-GVsT3c13m1\ses-2\anat\sub-GVsT3c13m1_ses-2_T2w.nii_saltPepperNoisy.nii.gz,anat_anat_sub-GVsT3c13m1_ses-2_T2w_saltPepperNoisy_7.png,0.068359375,0.068359375,0.5,False,,12.335957071553548
7,C:\Users\aswen\Desktop\TestingData\Aswendt_qc_data\proc_data\sub-GVsT3c13m1\ses-2\anat\sub-GVsT3c13m1_ses-2_T2w.nii_speckleNoisy.nii.gz,anat_anat_sub-GVsT3c13m1_ses-2_T2w_speckleNoisy_8.png,0.068359375,0.068359375,0.5,False,20.136611905881303,13.478126741542464
8,C:\Users\aswen\Desktop\TestingData\Aswendt_qc_data\proc_data\sub-GVsT3c13m3\ses-1\anat\sub-GVsT3c13m3_ses-1_T2w.nii.gz,anat_anat_sub-GVsT3c13m3_ses-1_T2w_9.png,0.068359375,0.068359375,0.3,False,45.125793558232346,32.374545686302284
9,C:\Users\aswen\Desktop\TestingData\Aswendt_qc_data\proc_data\sub-GVsT3c13m3\ses-1\anat\sub-GVsT3c13m3_ses-1_T2w.nii_randomNoisy.nii.gz,anat_anat_sub-GVsT3c13m3_ses-1_T2w_randomNoisy_10.png,0.068359375,0.068359375,0.3,False,20.275765689712664,12.904873375374725
10,C:\Users\aswen\Desktop\TestingData\Aswendt_qc_data\proc_data\sub-GVsT3c13m3\ses-1\anat\sub-GVsT3c13m3_ses-1_T2w.nii_saltPepperNoisy.nii.gz,anat_anat_sub-GVsT3c13m3_ses-1_T2w_saltPepperNoisy_11.png,0.068359375,0.068359375,0.3,False,20.267027358365063,12.442435821931113
11,C:\Users\aswen\Desktop\TestingData\Aswendt_qc_data\proc_data\sub-GVsT3c13m3\ses-1\anat\sub-GVsT3c13m3_ses-1_T2w.nii_speckleNoisy.nii.gz,anat_anat_sub-GVsT3c13m3_ses-1_T2w_speckleNoisy_12.png,0.068359375,0.068359375,0.3,False,20.259499652249186,13.417254120886238
12,C:\Users\aswen\Desktop\TestingData\Aswendt_qc_data\proc_data\sub-GVsT3c13m5\ses-2\anat\sub-GVsT3c13m5_ses-2_T2w.nii.gz,anat_anat_sub-GVsT3c13m5_ses-2_T2w_13.png,0.068359375,0.068359375,0.5,False,42.148500877225715,23.37299947888404
13,C:\Users\aswen\Desktop\TestingData\Aswendt_qc_data\proc_data\sub-GVsT3c13m5\ses-2\anat\sub-GVsT3c13m5_ses-2_T2w.nii_randomNoisy.nii.gz,anat_anat_sub-GVsT3c13m5_ses-2_T2w_randomNoisy_14.png,0.068359375,0.068359375,0.5,False,30.103338885472102,13.394901687930023
14,C:\Users\aswen\Desktop\TestingData\Aswendt_qc_data\proc_data\sub-GVsT3c13m5\ses-2\anat\sub-GVsT3c13m5_ses-2_T2w.nii_saltPepperNoisy.nii.gz,anat_anat_sub-GVsT3c13m5_ses-2_T2w_saltPepperNoisy_15.png,0.068359375,0.068359375,0.5,False,30.548527460621166,12.83452296734209
15,C:\Users\aswen\Desktop\TestingData\Aswendt_qc_data\proc_data\sub-GVsT3c13m5\ses-2\anat\sub-GVsT3c13m5_ses-2_T2w.nii_speckleNoisy.nii.gz,anat_anat_sub-GVsT3c13m5_ses-2_T2w_speckleNoisy_16.png,0.068359375,0.068359375,0.5,False,30.537554603865054,14.179548267428109
16,C:\Users\aswen\Desktop\TestingData\Aswendt_qc_data\proc_data\sub-GVsT3c15m2\ses-1\anat\sub-GVsT3c15m2_ses-1_T2w.nii.gz,anat_anat_sub-GVsT3c15m2_ses-1_T2w_17.png,0.068359375,0.068359375,0.5,False,43.76082381491202,25.628476830953375
17,C:\Users\aswen\Desktop\TestingData\Aswendt_qc_data\proc_data\sub-GVsT3c15m2\ses-1\anat\sub-GVsT3c15m2_ses-1_T2w.nii_randomNoisy.nii.gz,anat_anat_sub-GVsT3c15m2_ses-1_T2w_randomNoisy_18.png,0.068359375,0.068359375,0.5,False,22.655655738061622,13.309881472427803
18,C:\Users\aswen\Desktop\TestingData\Aswendt_qc_data\proc_data\sub-GVsT3c15m2\ses-1\anat\sub-GVsT3c15m2_ses-1_T2w.nii_saltPepperNoisy.nii.gz,anat_anat_sub-GVsT3c15m2_ses-1_T2w_saltPepperNoisy_19.png,0.068359375,0.068359375,0.5,False,22.76848487755533,12.760380365112967
19,C:\Users\aswen\Desktop\TestingData\Aswendt_qc_data\proc_data\sub-GVsT3c15m2\ses-1\anat\sub-GVsT3c15m2_ses-1_T2w.nii_speckleNoisy.nii.gz,anat_anat_sub-GVsT3c15m2_ses-1_T2w_speckleNoisy_20.png,0.068359375,0.068359375,0.5,False,25.386721526455418,14.028175969143037
20,C:\Users\aswen\Desktop\TestingData\Aswendt_qc_data\proc_data\sub-GVsT3c15m3\ses-1\anat\sub-GVsT3c15m3_ses-1_T2w.nii.gz,anat_anat_sub-GVsT3c15m3_ses-1_T2w_21.png,0.068359375,0.068359375,0.5,False,44.4248644736008,25.253687500227873
21,C:\Users\aswen\Desktop\TestingData\Aswendt_qc_data\proc_data\sub-GVsT3c15m3\ses-1\anat\sub-GVsT3c15m3_ses-1_T2w.nii_randomNoisy.nii.gz,anat_anat_sub-GVsT3c15m3_ses-1_T2w_randomNoisy_22.png,0.068359375,0.068359375,0.5,False,20.154056683611167,13.284924897936982
22,C:\Users\aswen\Desktop\TestingData\Aswendt_qc_data\proc_data\sub-GVsT3c15m3\ses-1\anat\sub-GVsT3c15m3_ses-1_T2w.nii_saltPepperNoisy.nii.gz,anat_anat_sub-GVsT3c15m3_ses-1_T2w_saltPepperNoisy_23.png,0.068359375,0.068359375,0.5,False,20.136788490606108,12.714241878421962
23,C:\Users\aswen\Desktop\TestingData\Aswendt_qc_data\proc_data\sub-GVsT3c15m3\ses-1\anat\sub-GVsT3c15m3_ses-1_T2w.nii_speckleNoisy.nii.gz,anat_anat_sub-GVsT3c15m3_ses-1_T2w_speckleNoisy_24.png,0.068359375,0.068359375,0.5,False,22.71970956020218,14.008336435875503
24,C:\Users\aswen\Desktop\TestingData\Aswendt_qc_data\proc_data\sub-GVsT3c15m4\ses-1\anat\sub-GVsT3c15m4_ses-1_T2w.nii.gz,anat_anat_sub-GVsT3c15m4_ses-1_T2w_25.png,0.068359375,0.068359375,0.5,False,45.025286813089444,25.14631871077283
25,C:\Users\aswen\Desktop\TestingData\Aswendt_qc_data\proc_data\sub-GVsT3c15m4\ses-1\anat\sub-GVsT3c15m4_ses-1_T2w.nii_randomNoisy.nii.gz,anat_anat_sub-GVsT3c15m4_ses-1_T2w_randomNoisy_26.png,0.068359375,0.068359375,0.5,False,22.683318181061427,12.937066235045439
26,C:\Users\aswen\Desktop\TestingData\Aswendt_qc_data\proc_data\sub-GVsT3c15m4\ses-1\anat\sub-GVsT3c15m4_ses-1_T2w.nii_saltPepperNoisy.nii.gz,anat_anat_sub-GVsT3c15m4_ses-1_T2w_saltPepperNoisy_27.png,0.068359375,0.068359375,0.5,False,25.4207290808368,12.47479418646117
27,C:\Users\aswen\Desktop\TestingData\Aswendt_qc_data\proc_data\sub-GVsT3c15m4\ses-1\anat\sub-GVsT3c15m4_ses-1_T2w.nii_speckleNoisy.nii.gz,anat_anat_sub-GVsT3c15m4_ses-1_T2w_speckleNoisy_28.png,0.068359375,0.068359375,0.5,False,25.439403713617704,13.585939079775217
28,C:\Users\aswen\Desktop\TestingData\Aswendt_qc_data\proc_data\sub-GVsT3c16m1\ses-1\anat\sub-GVsT3c16m1_ses-1_T2w.nii.gz,anat_anat_sub-GVsT3c16m1_ses-1_T2w_29.png,0.068359375,0.068359375,0.5,False,44.80517738812805,25.143910868636535
29,C:\Users\aswen\Desktop\TestingData\Aswendt_qc_data\proc_data\sub-GVsT3c16m1\ses-1\anat\sub-GVsT3c16m1_ses-1_T2w.nii_randomNoisy.nii.gz,anat_anat_sub-GVsT3c16m1_ses-1_T2w_randomNoisy_30.png,0.068359375,0.068359375,0.5,False,20.154056683611167,12.862883394120018
30,C:\Users\aswen\Desktop\TestingData\Aswendt_qc_data\proc_data\sub-GVsT3c16m1\ses-1\anat\sub-GVsT3c16m1_ses-1_T2w.nii_saltPepperNoisy.nii.gz,anat_anat_sub-GVsT3c16m1_ses-1_T2w_saltPepperNoisy_31.png,0.068359375,0.068359375,0.5,False,22.73972323310987,12.388969631894142
31,C:\Users\aswen\Desktop\TestingData\Aswendt_qc_data\proc_data\sub-GVsT3c16m1\ses-1\anat\sub-GVsT3c16m1_ses-1_T2w.nii_speckleNoisy.nii.gz,anat_anat_sub-GVsT3c16m1_ses-1_T2w_speckleNoisy_32.png,0.068359375,0.068359375,0.5,False,25.330017516439465,13.517093056316527
32,C:\Users\aswen\Desktop\TestingData\Aswendt_qc_data\proc_data\sub-GVsT3c16m2\ses-1\anat\sub-GVsT3c16m2_ses-1_T2w.nii.gz,anat_anat_sub-GVsT3c16m2_ses-1_T2w_33.png,0.068359375,0.068359375,0.5,False,43.969984453659414,26.26944736990895
33,C:\Users\aswen\Desktop\TestingData\Aswendt_qc_data\proc_data\sub-GVsT3c16m2\ses-1\anat\sub-GVsT3c16m2_ses-1_T2w.nii_randomNoisy.nii.gz,anat_anat_sub-GVsT3c16m2_ses-1_T2w_randomNoisy_34.png,0.068359375,0.068359375,0.5,False,22.655655738061622,13.603396744686254
34,C:\Users\aswen\Desktop\TestingData\Aswendt_qc_data\proc_data\sub-GVsT3c16m2\ses-1\anat\sub-GVsT3c16m2_ses-1_T2w.nii_saltPepperNoisy.nii.gz,anat_anat_sub-GVsT3c16m2_ses-1_T2w_saltPepperNoisy_35.png,0.068359375,0.068359375,0.5,False,22.79763259585895,13.028927295652771
35,C:\Users\aswen\Desktop\TestingData\Aswendt_qc_data\proc_data\sub-GVsT3c16m2\ses-1\anat\sub-GVsT3c16m2_ses-1_T2w.nii_speckleNoisy.nii.gz,anat_anat_sub-GVsT3c16m2_ses-1_T2w_speckleNoisy_36.png,0.068359375,0.068359375,0.5,False,28.10168922352463,14.424742216353462
36,C:\Users\aswen\Desktop\TestingData\Aswendt_qc_data\proc_data\sub-GVsT3c17m1\ses-1\anat\sub-GVsT3c17m1_ses-1_T2w.nii.gz,anat_anat_sub-GVsT3c17m1_ses-1_T2w_37.png,0.068359375,0.068359375,0.5,False,43.70510498902182,27.1260533124048
37,C:\Users\aswen\Desktop\TestingData\Aswendt_qc_data\proc_data\sub-GVsT3c17m1\ses-1\anat\sub-GVsT3c17m1_ses-1_T2w.nii_randomNoisy.nii.gz,anat_anat_sub-GVsT3c17m1_ses-1_T2w_randomNoisy_38.png,0.068359375,0.068359375,0.5,False,25.092918869068583,14.136067468712836
38,C:\Users\aswen\Desktop\TestingData\Aswendt_qc_data\proc_data\sub-GVsT3c17m1\ses-1\anat\sub-GVsT3c17m1_ses-1_T2w.nii_saltPepperNoisy.nii.gz,anat_anat_sub-GVsT3c17m1_ses-1_T2w_saltPepperNoisy_39.png,0.068359375,0.068359375,0.5,False,,13.495423148670998
39,C:\Users\aswen\Desktop\TestingData\Aswendt_qc_data\proc_data\sub-GVsT3c17m1\ses-1\anat\sub-GVsT3c17m1_ses-1_T2w.nii_speckleNoisy.nii.gz,anat_anat_sub-GVsT3c17m1_ses-1_T2w_speckleNoisy_40.png,0.068359375,0.068359375,0.5,False,27.885748293842944,15.052988672678483
40,C:\Users\aswen\Desktop\TestingData\Aswendt_qc_data\proc_data\sub-GVsT3c17m2\ses-1\anat\sub-GVsT3c17m2_ses-1_T2w.nii.gz,anat_anat_sub-GVsT3c17m2_ses-1_T2w_41.png,0.068359375,0.068359375,0.5,False,43.774707958288154,19.84735617917587
41,C:\Users\aswen\Desktop\TestingData\Aswendt_qc_data\proc_data\sub-GVsT3c17m2\ses-1\anat\sub-GVsT3c17m2_ses-1_T2w.nii_randomNoisy.nii.gz,anat_anat_sub-GVsT3c17m2_ses-1_T2w_randomNoisy_42.png,0.068359375,0.068359375,0.5,False,22.513964758947424,11.643449010430745
42,C:\Users\aswen\Desktop\TestingData\Aswendt_qc_data\proc_data\sub-GVsT3c17m2\ses-1\anat\sub-GVsT3c17m2_ses-1_T2w.nii_saltPepperNoisy.nii.gz,anat_anat_sub-GVsT3c17m2_ses-1_T2w_saltPepperNoisy_43.png,0.068359375,0.068359375,0.5,False,22.60136610012058,11.257340871494177
43,C:\Users\aswen\Desktop\TestingData\Aswendt_qc_data\proc_data\sub-GVsT3c17m2\ses-1\anat\sub-GVsT3c17m2_ses-1_T2w.nii_speckleNoisy.nii.gz,anat_anat_sub-GVsT3c17m2_ses-1_T2w_speckleNoisy_44.png,0.068359375,0.068359375,0.5,False,25.139223347977083,12.06343445772837
44,C:\Users\aswen\Desktop\TestingData\Aswendt_qc_data\proc_data\sub-GVsT3c17m3\ses-1\anat\sub-GVsT3c17m3_ses-1_T2w.nii.gz,anat_anat_sub-GVsT3c17m3_ses-1_T2w_45.png,0.068359375,0.068359375,0.5,False,45.59261265231188,23.66118376879762
45,C:\Users\aswen\Desktop\TestingData\Aswendt_qc_data\proc_data\sub-GVsT3c17m3\ses-1\anat\sub-GVsT3c17m3_ses-1_T2w.nii_randomNoisy.nii.gz,anat_anat_sub-GVsT3c17m3_ses-1_T2w_randomNoisy_46.png,0.068359375,0.068359375,0.5,False,20.136788490606108,11.69862637350257
46,C:\Users\aswen\Desktop\TestingData\Aswendt_qc_data\proc_data\sub-GVsT3c17m3\ses-1\anat\sub-GVsT3c17m3_ses-1_T2w.nii_saltPepperNoisy.nii.gz,anat_anat_sub-GVsT3c17m3_ses-1_T2w_saltPepperNoisy_47.png,0.068359375,0.068359375,0.5,False,20.136788490606108,11.282344419267293
47,C:\Users\aswen\Desktop\TestingData\Aswendt_qc_data\proc_data\sub-GVsT3c17m3\ses-1\anat\sub-GVsT3c17m3_ses-1_T2w.nii_speckleNoisy.nii.gz,anat_anat_sub-GVsT3c17m3_ses-1_T2w_speckleNoisy_48.png,0.068359375,0.068359375,0.5,False,22.78576350942039,12.133908190543004
48,C:\Users\aswen\Desktop\TestingData\Aswendt_qc_data\proc_data\sub-GVsT3c17m4\ses-1\anat\sub-GVsT3c17m4_ses-1_T2w.nii.gz,anat_anat_sub-GVsT3c17m4_ses-1_T2w_49.png,0.068359375,0.068359375,0.5,False,43.57307245018703,25.20142016765121
49,C:\Users\aswen\Desktop\TestingData\Aswendt_qc_data\proc_data\sub-GVsT3c17m4\ses-1\anat\sub-GVsT3c17m4_ses-1_T2w.nii_randomNoisy.nii.gz,anat_anat_sub-GVsT3c17m4_ses-1_T2w_randomNoisy_50.png,0.068359375,0.068359375,0.5,False,22.63697535605664,13.126886919331898
50,C:\Users\aswen\Desktop\TestingData\Aswendt_qc_data\proc_data\sub-GVsT3c17m4\ses-1\anat\sub-GVsT3c17m4_ses-1_T2w.nii_saltPepperNoisy.nii.gz,anat_anat_sub-GVsT3c17m4_ses-1_T2w_saltPepperNoisy_51.png,0.068359375,0.068359375,0.5,False,25.342657975613637,12.617847694100387
51,C:\Users\aswen\Desktop\TestingData\Aswendt_qc_data\proc_data\sub-GVsT3c17m4\ses-1\anat\sub-GVsT3c17m4_ses-1_T2w.nii_speckleNoisy.nii.gz,anat_anat_sub-GVsT3c17m4_ses-1_T2w_speckleNoisy_52.png,0.068359375,0.068359375,0.5,False,25.365892455266508,13.807306001865724
52,C:\Users\aswen\Desktop\TestingData\Aswendt_qc_data\proc_data\sub-GVsT3c17m5\ses-1\anat\sub-GVsT3c17m5_ses-1_T2w.nii.gz,anat_anat_sub-GVsT3c17m5_ses-1_T2w_53.png,0.068359375,0.068359375,0.5,False,43.42149241697525,24.243159632016614
53,C:\Users\aswen\Desktop\TestingData\Aswendt_qc_data\proc_data\sub-GVsT3c17m5\ses-1\anat\sub-GVsT3c17m5_ses-1_T2w.nii_randomNoisy.nii.gz,anat_anat_sub-GVsT3c17m5_ses-1_T2w_randomNoisy_54.png,0.068359375,0.068359375,0.5,False,25.147208507009623,13.112239450331034
54,C:\Users\aswen\Desktop\TestingData\Aswendt_qc_data\proc_data\sub-GVsT3c17m5\ses-1\anat\sub-GVsT3c17m5_ses-1_T2w.nii_saltPepperNoisy.nii.gz,anat_anat_sub-GVsT3c17m5_ses-1_T2w_saltPepperNoisy_55.png,0.068359375,0.068359375,0.5,False,25.342657975613637,12.565743517699143
55,C:\Users\aswen\Desktop\TestingData\Aswendt_qc_data\proc_data\sub-GVsT3c17m5\ses-1\anat\sub-GVsT3c17m5_ses-1_T2w.nii_speckleNoisy.nii.gz,anat_anat_sub-GVsT3c17m5_ses-1_T2w_speckleNoisy_56.png,0.068359375,0.068359375,0.5,False,30.630434092329708,13.758365968474424
56,C:\Users\aswen\Desktop\TestingData\Aswendt_qc_data\proc_data\sub-SPsT1c11m4\ses-1\anat\sub-SPsT1c11m4_ses-1_T2w.nii.gz,anat_anat_sub-SPsT1c11m4_ses-1_T2w_57.png,0.068359375,0.068359375,0.3,False,45.01048402667651,32.984750797850545
57,C:\Users\aswen\Desktop\TestingData\Aswendt_qc_data\proc_data\sub-SPsT1c11m4\ses-1\anat\sub-SPsT1c11m4_ses-1_T2w.nii_randomNoisy.nii.gz,anat_anat_sub-SPsT1c11m4_ses-1_T2w_randomNoisy_58.png,0.068359375,0.068359375,0.3,False,20.258289027017465,12.846968388077089
58,C:\Users\aswen\Desktop\TestingData\Aswendt_qc_data\proc_data\sub-SPsT1c11m4\ses-1\anat\sub-SPsT1c11m4_ses-1_T2w.nii_saltPepperNoisy.nii.gz,anat_anat_sub-SPsT1c11m4_ses-1_T2w_saltPepperNoisy_59.png,0.068359375,0.068359375,0.3,False,20.258289027017465,12.338247537578395
59,C:\Users\aswen\Desktop\TestingData\Aswendt_qc_data\proc_data\sub-SPsT1c11m4\ses-1\anat\sub-SPsT1c11m4_ses-1_T2w.nii_speckleNoisy.nii.gz,anat_anat_sub-SPsT1c11m4_ses-1_T2w_speckleNoisy_60.png,0.068359375,0.068359375,0.3,False,20.2479225846177,13.3092526204922
60,C:\Users\aswen\Desktop\TestingData\Aswendt_qc_data\proc_data\sub-SPsT1c12m1\ses-1\anat\sub-SPsT1c12m1_ses-1_T2w.nii.gz,anat_anat_sub-SPsT1c12m1_ses-1_T2w_61.png,0.068359375,0.068359375,0.3,False,46.0394034486593,34.00971607809902
61,C:\Users\aswen\Desktop\TestingData\Aswendt_qc_data\proc_data\sub-SPsT1c12m1\ses-1\anat\sub-SPsT1c12m1_ses-1_T2w.nii_randomNoisy.nii.gz,anat_anat_sub-SPsT1c12m1_ses-1_T2w_randomNoisy_62.png,0.068359375,0.068359375,0.3,False,20.267027358365063,12.887728499950935
62,C:\Users\aswen\Desktop\TestingData\Aswendt_qc_data\proc_data\sub-SPsT1c12m1\ses-1\anat\sub-SPsT1c12m1_ses-1_T2w.nii_saltPepperNoisy.nii.gz,anat_anat_sub-SPsT1c12m1_ses-1_T2w_saltPepperNoisy_63.png,0.068359375,0.068359375,0.3,False,20.249550695669868,12.42886193824906
63,C:\Users\aswen\Desktop\TestingData\Aswendt_qc_data\proc_data\sub-SPsT1c12m1\ses-1\anat\sub-SPsT1c12m1_ses-1_T2w.nii_speckleNoisy.nii.gz,anat_anat_sub-SPsT1c12m1_ses-1_T2w_speckleNoisy_64.png,0.068359375,0.068359375,0.3,False,20.260024152749455,13.392296580677554
64,C:\Users\aswen\Desktop\TestingData\Aswendt_qc_data\proc_data\sub-SPsT1c13m2\ses-1\anat\sub-SPsT1c13m2_ses-1_T2w.nii.gz,anat_anat_sub-SPsT1c13m2_ses-1_T2w_65.png,0.068359375,0.068359375,0.3,False,44.58295954094642,33.192306736310606
65,C:\Users\aswen\Desktop\TestingData\Aswendt_qc_data\proc_data\sub-SPsT1c13m2\ses-1\anat\sub-SPsT1c13m2_ses-1_T2w.nii_randomNoisy.nii.gz,anat_anat_sub-SPsT1c13m2_ses-1_T2w_randomNoisy_66.png,0.068359375,0.068359375,0.3,False,20.249550695669868,12.772098338502326
66,C:\Users\aswen\Desktop\TestingData\Aswendt_qc_data\proc_data\sub-SPsT1c13m2\ses-1\anat\sub-SPsT1c13m2_ses-1_T2w.nii_saltPepperNoisy.nii.gz,anat_anat_sub-SPsT1c13m2_ses-1_T2w_saltPepperNoisy_67.png,0.068359375,0.068359375,0.3,False,20.249550695669868,12.278016632797897
67,C:\Users\aswen\Desktop\TestingData\Aswendt_qc_data\proc_data\sub-SPsT1c13m2\ses-1\anat\sub-SPsT1c13m2_ses-1_T2w.nii_speckleNoisy.nii.gz,anat_anat_sub-SPsT1c13m2_ses-1_T2w_speckleNoisy_68.png,0.068359375,0.068359375,0.3,False,20.242545520369454,13.253115087006833
68,C:\Users\aswen\Desktop\TestingData\Aswendt_qc_data\proc_data\sub-SPsT1c22m2\ses-1\anat\sub-SPsT1c22m2_ses-1_T2w.nii.gz,anat_anat_sub-SPsT1c22m2_ses-1_T2w_69.png,0.068359375,0.068359375,0.3,False,45.16541656498101,33.73664608805781
69,C:\Users\aswen\Desktop\TestingData\Aswendt_qc_data\proc_data\sub-SPsT1c22m2\ses-1\anat\sub-SPsT1c22m2_ses-1_T2w.nii_randomNoisy.nii.gz,anat_anat_sub-SPsT1c22m2_ses-1_T2w_randomNoisy_70.png,0.068359375,0.068359375,0.3,False,20.275765689712664,12.73952404489231
70,C:\Users\aswen\Desktop\TestingData\Aswendt_qc_data\proc_data\sub-SPsT1c22m2\ses-1\anat\sub-SPsT1c22m2_ses-1_T2w.nii_saltPepperNoisy.nii.gz,anat_anat_sub-SPsT1c22m2_ses-1_T2w_saltPepperNoisy_71.png,0.068359375,0.068359375,0.3,False,20.275765689712664,12.224586944225335
71,C:\Users\aswen\Desktop\TestingData\Aswendt_qc_data\proc_data\sub-SPsT1c22m2\ses-1\anat\sub-SPsT1c22m2_ses-1_T2w.nii_speckleNoisy.nii.gz,anat_anat_sub-SPsT1c22m2_ses-1_T2w_speckleNoisy_72.png,0.068359375,0.068359375,0.3,False,20.264699847802532,13.18214802206837
72,C:\Users\aswen\Desktop\TestingData\Aswendt_qc_data\proc_data\sub-SPsT1c22m3\ses-1\anat\sub-SPsT1c22m3_ses-1_T2w.nii.gz,anat_anat_sub-SPsT1c22m3_ses-1_T2w_73.png,0.068359375,0.068359375,0.3,False,44.589071091045156,33.74527837855112
73,C:\Users\aswen\Desktop\TestingData\Aswendt_qc_data\proc_data\sub-SPsT1c22m3\ses-1\anat\sub-SPsT1c22m3_ses-1_T2w.nii_randomNoisy.nii.gz,anat_anat_sub-SPsT1c22m3_ses-1_T2w_randomNoisy_74.png,0.068359375,0.068359375,0.3,False,20.275765689712664,12.735706622789674
74,C:\Users\aswen\Desktop\TestingData\Aswendt_qc_data\proc_data\sub-SPsT1c22m3\ses-1\anat\sub-SPsT1c22m3_ses-1_T2w.nii_saltPepperNoisy.nii.gz,anat_anat_sub-SPsT1c22m3_ses-1_T2w_saltPepperNoisy_75.png,0.068359375,0.068359375,0.3,False,20.258289027017465,12.241779054514712
75,C:\Users\aswen\Desktop\TestingData\Aswendt_qc_data\proc_data\sub-SPsT1c22m3\ses-1\anat\sub-SPsT1c22m3_ses-1_T2w.nii_speckleNoisy.nii.gz,anat_anat_sub-SPsT1c22m3_ses-1_T2w_speckleNoisy_76.png,0.068359375,0.068359375,0.3,False,20.26788322948596,13.208776474198434
76,C:\Users\aswen\Desktop\TestingData\Aswendt_qc_data\proc_data\sub-SPsT1c5m1\ses-1\anat\sub-SPsT1c5m1_ses-1_T2w.nii.gz,anat_anat_sub-SPsT1c5m1_ses-1_T2w_77.png,0.068359375,0.068359375,0.3,False,39.788528276513354,30.558104361487572
77,C:\Users\aswen\Desktop\TestingData\Aswendt_qc_data\proc_data\sub-SPsT1c5m1\ses-1\anat\sub-SPsT1c5m1_ses-1_T2w.nii_randomNoisy.nii.gz,anat_anat_sub-SPsT1c5m1_ses-1_T2w_randomNoisy_78.png,0.068359375,0.068359375,0.3,False,20.302086603210924,13.044582797979325
78,C:\Users\aswen\Desktop\TestingData\Aswendt_qc_data\proc_data\sub-SPsT1c5m1\ses-1\anat\sub-SPsT1c5m1_ses-1_T2w.nii_saltPepperNoisy.nii.gz,anat_anat_sub-SPsT1c5m1_ses-1_T2w_saltPepperNoisy_79.png,0.068359375,0.068359375,0.3,False,20.275765689712664,12.631887470690607
79,C:\Users\aswen\Desktop\TestingData\Aswendt_qc_data\proc_data\sub-SPsT1c5m1\ses-1\anat\sub-SPsT1c5m1_ses-1_T2w.nii_speckleNoisy.nii.gz,anat_anat_sub-SPsT1c5m1_ses-1_T2w_speckleNoisy_80.png,0.068359375,0.068359375,0.3,False,20.290983249321304,13.63213477210361
80,C:\Users\aswen\Desktop\TestingData\Aswendt_qc_data\proc_data\sub-SPsT1c5m3\ses-1\anat\sub-SPsT1c5m3_ses-1_T2w.nii.gz,anat_anat_sub-SPsT1c5m3_ses-1_T2w_81.png,0.068359375,0.068359375,0.3,False,44.730614737313076,32.69439507080021
81,C:\Users\aswen\Desktop\TestingData\Aswendt_qc_data\proc_data\sub-SPsT1c5m3\ses-1\anat\sub-SPsT1c5m3_ses-1_T2w.nii_randomNoisy.nii.gz,anat_anat_sub-SPsT1c5m3_ses-1_T2w_randomNoisy_82.png,0.068359375,0.068359375,0.3,False,20.267027358365063,12.854297784017458
82,C:\Users\aswen\Desktop\TestingData\Aswendt_qc_data\proc_data\sub-SPsT1c5m3\ses-1\anat\sub-SPsT1c5m3_ses-1_T2w.nii_saltPepperNoisy.nii.gz,anat_anat_sub-SPsT1c5m3_ses-1_T2w_saltPepperNoisy_83.png,0.068359375,0.068359375,0.3,False,20.258289027017465,12.351368268106636
83,C:\Users\aswen\Desktop\TestingData\Aswendt_qc_data\proc_data\sub-SPsT1c5m3\ses-1\anat\sub-SPsT1c5m3_ses-1_T2w.nii_speckleNoisy.nii.gz,anat_anat_sub-SPsT1c5m3_ses-1_T2w_speckleNoisy_84.png,0.068359375,0.068359375,0.3,False,20.254380867256113,13.353137024146825
84,C:\Users\aswen\Desktop\TestingData\Aswendt_qc_data\proc_data\sub-SPsT1c8m1\ses-1\anat\sub-SPsT1c8m1_ses-1_T2w.nii.gz,anat_anat_sub-SPsT1c8m1_ses-1_T2w_85.png,0.068359375,0.068359375,0.3,False,46.52382214039791,31.535573275889
85,C:\Users\aswen\Desktop\TestingData\Aswendt_qc_data\proc_data\sub-SPsT1c8m1\ses-1\anat\sub-SPsT1c8m1_ses-1_T2w.nii_randomNoisy.nii.gz,anat_anat_sub-SPsT1c8m1_ses-1_T2w_randomNoisy_86.png,0.068359375,0.068359375,0.3,False,20.275765689712664,13.217359289527844
86,C:\Users\aswen\Desktop\TestingData\Aswendt_qc_data\proc_data\sub-SPsT1c8m1\ses-1\anat\sub-SPsT1c8m1_ses-1_T2w.nii_saltPepperNoisy.nii.gz,anat_anat_sub-SPsT1c8m1_ses-1_T2w_saltPepperNoisy_87.png,0.068359375,0.068359375,0.3,False,20.249550695669868,12.812206720733839
87,C:\Users\aswen\Desktop\TestingData\Aswendt_qc_data\proc_data\sub-SPsT1c8m1\ses-1\anat\sub-SPsT1c8m1_ses-1_T2w.nii_speckleNoisy.nii.gz,anat_anat_sub-SPsT1c8m1_ses-1_T2w_speckleNoisy_88.png,0.068359375,0.068359375,0.3,False,20.259289443162466,13.832143843631679
88,C:\Users\aswen\Desktop\TestingData\Aswendt_qc_data\proc_data\sub-SPsV1c11m1\ses-1\anat\sub-SPsV1c11m1_ses-1_T2w.nii.gz,anat_anat_sub-SPsV1c11m1_ses-1_T2w_89.png,0.068359375,0.068359375,0.3,False,43.91860562922283,32.38352496452463
89,C:\Users\aswen\Desktop\TestingData\Aswendt_qc_data\proc_data\sub-SPsV1c11m1\ses-1\anat\sub-SPsV1c11m1_ses-1_T2w.nii_randomNoisy.nii.gz,anat_anat_sub-SPsV1c11m1_ses-1_T2w_randomNoisy_90.png,0.068359375,0.068359375,0.3,False,20.17132487661623,13.271350561839792
90,C:\Users\aswen\Desktop\TestingData\Aswendt_qc_data\proc_data\sub-SPsV1c11m1\ses-1\anat\sub-SPsV1c11m1_ses-1_T2w.nii_saltPepperNoisy.nii.gz,anat_anat_sub-SPsV1c11m1_ses-1_T2w_saltPepperNoisy_91.png,0.068359375,0.068359375,0.3,False,20.17132487661623,12.19181056858828
91,C:\Users\aswen\Desktop\TestingData\Aswendt_qc_data\proc_data\sub-SPsV1c11m1\ses-1\anat\sub-SPsV1c11m1_ses-1_T2w.nii_speckleNoisy.nii.gz,anat_anat_sub-SPsV1c11m1_ses-1_T2w_speckleNoisy_92.png,0.068359375,0.068359375,0.3,False,20.16307252103343,13.535997321693277
92,C:\Users\aswen\Desktop\TestingData\Aswendt_qc_data\proc_data\sub-SPsV1c11m2\ses-1\anat\sub-SPsV1c11m2_ses-1_T2w.nii.gz,anat_anat_sub-SPsV1c11m2_ses-1_T2w_93.png,0.068359375,0.068359375,0.3,False,44.46135120039541,32.5133491993743
93,C:\Users\aswen\Desktop\TestingData\Aswendt_qc_data\proc_data\sub-SPsV1c11m2\ses-1\anat\sub-SPsV1c11m2_ses-1_T2w.nii_randomNoisy.nii.gz,anat_anat_sub-SPsV1c11m2_ses-1_T2w_randomNoisy_94.png,0.068359375,0.068359375,0.3,False,20.205999132796236,12.68425379523179
94,C:\Users\aswen\Desktop\TestingData\Aswendt_qc_data\proc_data\sub-SPsV1c11m2\ses-1\anat\sub-SPsV1c11m2_ses-1_T2w.nii_saltPepperNoisy.nii.gz,anat_anat_sub-SPsV1c11m2_ses-1_T2w_saltPepperNoisy_95.png,0.068359375,0.068359375,0.3,False,20.205999132796236,11.890641730045958
95,C:\Users\aswen\Desktop\TestingData\Aswendt_qc_data\proc_data\sub-SPsV1c11m2\ses-1\anat\sub-SPsV1c11m2_ses-1_T2w.nii_speckleNoisy.nii.gz,anat_anat_sub-SPsV1c11m2_ses-1_T2w_speckleNoisy_96.png,0.068359375,0.068359375,0.3,False,20.196209756942455,12.995547896264386
96,C:\Users\aswen\Desktop\TestingData\Aswendt_qc_data\proc_data\sub-SPsV1c11m3\ses-1\anat\sub-SPsV1c11m3_ses-1_T2w.nii.gz,anat_anat_sub-SPsV1c11m3_ses-1_T2w_97.png,0.068359375,0.068359375,0.3,False,41.59064604597017,29.16362278740255
97,C:\Users\aswen\Desktop\TestingData\Aswendt_qc_data\proc_data\sub-SPsV1c11m3\ses-1\anat\sub-SPsV1c11m3_ses-1_T2w.nii_randomNoisy.nii.gz,anat_anat_sub-SPsV1c11m3_ses-1_T2w_randomNoisy_98.png,0.068359375,0.068359375,0.3,False,26.105890766309827,13.632622076867431
98,C:\Users\aswen\Desktop\TestingData\Aswendt_qc_data\proc_data\sub-SPsV1c11m3\ses-1\anat\sub-SPsV1c11m3_ses-1_T2w.nii_saltPepperNoisy.nii.gz,anat_anat_sub-SPsV1c11m3_ses-1_T2w_saltPepperNoisy_99.png,0.068359375,0.068359375,0.3,False,26.24404068530497,13.269653579846267
99,C:\Users\aswen\Desktop\TestingData\Aswendt_qc_data\proc_data\sub-SPsV1c11m3\ses-1\anat\sub-SPsV1c11m3_ses-1_T2w.nii_speckleNoisy.nii.gz,anat_anat_sub-SPsV1c11m3_ses-1_T2w_speckleNoisy_100.png,0.068359375,0.068359375,0.3,False,26.177631988815016,14.419832061951244
100,C:\Users\aswen\Desktop\TestingData\Aswendt_qc_data\proc_data\sub-SPsV1c11m4\ses-1\anat\sub-SPsV1c11m4_ses-1_T2w.nii.gz,anat_anat_sub-SPsV1c11m4_ses-1_T2w_101.png,0.068359375,0.068359375,0.3,False,44.607782029811624,31.752235669728407
101,C:\Users\aswen\Desktop\TestingData\Aswendt_qc_data\proc_data\sub-SPsV1c11m4\ses-1\anat\sub-SPsV1c11m4_ses-1_T2w.nii_randomNoisy.nii.gz,anat_anat_sub-SPsV1c11m4_ses-1_T2w_randomNoisy_102.png,0.068359375,0.068359375,0.3,False,20.310860241043677,12.880933653700861
102,C:\Users\aswen\Desktop\TestingData\Aswendt_qc_data\proc_data\sub-SPsV1c11m4\ses-1\anat\sub-SPsV1c11m4_ses-1_T2w.nii_saltPepperNoisy.nii.gz,anat_anat_sub-SPsV1c11m4_ses-1_T2w_saltPepperNoisy_103.png,0.068359375,0.068359375,0.3,False,,12.384633855069007
103,C:\Users\aswen\Desktop\TestingData\Aswendt_qc_data\proc_data\sub-SPsV1c11m4\ses-1\anat\sub-SPsV1c11m4_ses-1_T2w.nii_speckleNoisy.nii.gz,anat_anat_sub-SPsV1c11m4_ses-1_T2w_speckleNoisy_104.png,0.068359375,0.068359375,0.3,False,20.289996980462924,13.35673859297864
104,C:\Users\aswen\Desktop\TestingData\Aswendt_qc_data\proc_data\sub-SPsV1c11m5\ses-1\anat\sub-SPsV1c11m5_ses-1_T2w.nii.gz,anat_anat_sub-SPsV1c11m5_ses-1_T2w_105.png,0.068359375,0.068359375,0.3,False,42.57251138822185,31.570173982566484
105,C:\Users\aswen\Desktop\TestingData\Aswendt_qc_data\proc_data\sub-SPsV1c11m5\ses-1\anat\sub-SPsV1c11m5_ses-1_T2w.nii_randomNoisy.nii.gz,anat_anat_sub-SPsV1c11m5_ses-1_T2w_randomNoisy_106.png,0.068359375,0.068359375,0.3,False,20.284539327545417,13.03870485429827
106,C:\Users\aswen\Desktop\TestingData\Aswendt_qc_data\proc_data\sub-SPsV1c11m5\ses-1\anat\sub-SPsV1c11m5_ses-1_T2w.nii_saltPepperNoisy.nii.gz,anat_anat_sub-SPsV1c11m5_ses-1_T2w_saltPepperNoisy_107.png,0.068359375,0.068359375,0.3,False,20.275765689712664,12.622061002532906
107,C:\Users\aswen\Desktop\TestingData\Aswendt_qc_data\proc_data\sub-SPsV1c11m5\ses-1\anat\sub-SPsV1c11m5_ses-1_T2w.nii_speckleNoisy.nii.gz,anat_anat_sub-SPsV1c11m5_ses-1_T2w_speckleNoisy_108.png,0.068359375,0.068359375,0.3,False,20.27536009437066,13.606527461267124
108,C:\Users\aswen\Desktop\TestingData\Aswendt_qc_data\proc_data\sub-SPsV1c8m1\ses-2\anat\sub-SPsV1c8m1_ses-2_T2w.nii.gz,anat_anat_sub-SPsV1c8m1_ses-2_T2w_109.png,0.068359375,0.068359375,0.3,False,44.2110972506131,32.266203538980825
109,C:\Users\aswen\Desktop\TestingData\Aswendt_qc_data\proc_data\sub-SPsV1c8m1\ses-2\anat\sub-SPsV1c8m1_ses-2_T2w.nii_randomNoisy.nii.gz,anat_anat_sub-SPsV1c8m1_ses-2_T2w_randomNoisy_110.png,0.068359375,0.068359375,0.3,False,20.249550695669868,12.753693134277817
110,C:\Users\aswen\Desktop\TestingData\Aswendt_qc_data\proc_data\sub-SPsV1c8m1\ses-2\anat\sub-SPsV1c8m1_ses-2_T2w.nii_saltPepperNoisy.nii.gz,anat_anat_sub-SPsV1c8m1_ses-2_T2w_saltPepperNoisy_111.png,0.068359375,0.068359375,0.3,False,,12.218076442705158
111,C:\Users\aswen\Desktop\TestingData\Aswendt_qc_data\proc_data\sub-SPsV1c8m1\ses-2\anat\sub-SPsV1c8m1_ses-2_T2w.nii_speckleNoisy.nii.gz,anat_anat_sub-SPsV1c8m1_ses-2_T2w_speckleNoisy_112.png,0.068359375,0.068359375,0.3,False,20.239367486136373,13.199248493035592
112,C:\Users\aswen\Desktop\TestingData\Aswendt_qc_data\proc_data\sub-SPsV1c8m3\ses-1\anat\sub-SPsV1c8m3_ses-1_T2w.nii.gz,anat_anat_sub-SPsV1c8m3_ses-1_T2w_113.png,0.068359375,0.068359375,0.3,False,43.90599685331584,32.37677896915563
113,C:\Users\aswen\Desktop\TestingData\Aswendt_qc_data\proc_data\sub-SPsV1c8m3\ses-1\anat\sub-SPsV1c8m3_ses-1_T2w.nii_randomNoisy.nii.gz,anat_anat_sub-SPsV1c8m3_ses-1_T2w_randomNoisy_114.png,0.068359375,0.068359375,0.3,False,20.258289027017465,12.76855053473556
114,C:\Users\aswen\Desktop\TestingData\Aswendt_qc_data\proc_data\sub-SPsV1c8m3\ses-1\anat\sub-SPsV1c8m3_ses-1_T2w.nii_saltPepperNoisy.nii.gz,anat_anat_sub-SPsV1c8m3_ses-1_T2w_saltPepperNoisy_115.png,0.068359375,0.068359375,0.3,False,20.249550695669868,12.22244859837507
115,C:\Users\aswen\Desktop\TestingData\Aswendt_qc_data\proc_data\sub-SPsV1c8m3\ses-1\anat\sub-SPsV1c8m3_ses-1_T2w.nii_speckleNoisy.nii.gz,anat_anat_sub-SPsV1c8m3_ses-1_T2w_speckleNoisy_116.png,0.068359375,0.068359375,0.3,False,20.248160148342823,13.216256193484472
116,C:\Users\aswen\Desktop\TestingData\Aswendt_qc_data\proc_data\sub-SPsV1c9m3\ses-1\anat\sub-SPsV1c9m3_ses-1_T2w.nii.gz,anat_anat_sub-SPsV1c9m3_ses-1_T2w_117.png,0.068359375,0.068359375,0.3,False,43.70938798778975,30.368666166930897
117,C:\Users\aswen\Desktop\TestingData\Aswendt_qc_data\proc_data\sub-SPsV1c9m3\ses-1\anat\sub-SPsV1c9m3_ses-1_T2w.nii_randomNoisy.nii.gz,anat_anat_sub-SPsV1c9m3_ses-1_T2w_randomNoisy_118.png,0.068359375,0.068359375,0.3,False,20.284539327545417,12.857659220921926
118,C:\Users\aswen\Desktop\TestingData\Aswendt_qc_data\proc_data\sub-SPsV1c9m3\ses-1\anat\sub-SPsV1c9m3_ses-1_T2w.nii_saltPepperNoisy.nii.gz,anat_anat_sub-SPsV1c9m3_ses-1_T2w_saltPepperNoisy_119.png,0.068359375,0.068359375,0.3,False,20.275765689712664,12.335579610798476
119,C:\Users\aswen\Desktop\TestingData\Aswendt_qc_data\proc_data\sub-SPsV1c9m3\ses-1\anat\sub-SPsV1c9m3_ses-1_T2w.nii_speckleNoisy.nii.gz,anat_anat_sub-SPsV1c9m3_ses-1_T2w_speckleNoisy_120.png,0.068359375,0.068359375,0.3,False,20.275441792480223,13.330584070377165
